year,state,state_po,num_ballots,procedural_cost,margin
2000,ALABAMA,AL,91,47.76,0.07692307692307693
2000,ALASKA,AK,13,6.82,0.5384615384615384
2000,ARIZONA,AZ,181,95.01,0.03867403314917127
2000,ARKANSAS,AR,433,227.32,0.016166281755196306
2000,CALIFORNIA,CA,2572,1350.27,0.0027216174183514776
2000,COLORADO,CO,160,84.0,0.04375
2000,CONNECTICUT,CT,527,276.67,0.013282732447817837
2000,DELAWARE,DE,19,9.98,0.3684210526315789
2000,FLORIDA,FL,699,366.98,0.010014306151645207
2000,GEORGIA,GA,376,197.4,0.018617021276595744
2000,HAWAII,HI,50,26.25,0.14
2000,IDAHO,ID,37,19.42,0.1891891891891892
2000,ILLINOIS,IL,871,457.26000000000005,0.008036739380022962
2000,INDIANA,IN,537,281.94,0.01303538175046555
2000,IOWA,IA,160,83.99,0.04375
2000,KANSAS,KS,311,163.27,0.022508038585209004
2000,KENTUCKY,KY,267,140.18,0.026217228464419477
2000,LOUISIANA,LA,84,44.120000000000005,0.08333333333333333
2000,MAINE,ME,46,24.15,0.15217391304347827
2000,MARYLAND,MD,251,131.77,0.027888446215139442
2000,MASSACHUSETTS,MA,77,40.42,0.09090909090909091
2000,MICHIGAN,MI,339,177.99,0.02064896755162242
2000,MINNESOTA,MN,7597,3988.4199999999996,0.0009214163485586416
2000,MISSISSIPPI,MS,104,54.589999999999996,0.0673076923076923
2000,MISSOURI,MO,385,202.11,0.01818181818181818
2000,MONTANA,MT,135,70.88,0.05185185185185185
2000,NEBRASKA,NE,52,27.3,0.1346153846153846
2000,NEVADA,NV,121,63.519999999999996,0.05785123966942149
2000,NEW HAMPSHIRE,NH,136,71.4,0.051470588235294115
2000,NEW JERSEY,NJ,570,299.26,0.012280701754385965
2000,NEW MEXICO,NM,165,86.62,0.04242424242424243
2000,NEW YORK,NY,632,331.8,0.011075949367088608
2000,NORTH CAROLINA,NC,336,176.4,0.020833333333333332
2000,NORTH DAKOTA,ND,84,44.1,0.08333333333333333
2000,OHIO,OH,472,247.79,0.014830508474576272
2000,OKLAHOMA,OK,157,82.42,0.044585987261146494
2000,OREGON,OR,137,71.94,0.051094890510948905
2000,PENNSYLVANIA,PA,666,349.62,0.010510510510510511
2000,RHODE ISLAND,RI,39,20.47,0.1794871794871795
2000,SOUTH CAROLINA,SC,152,79.8,0.046052631578947366
2000,SOUTH DAKOTA,SD,15,7.88,0.4666666666666667
2000,TENNESSEE,TN,131,68.78,0.05343511450381679
2000,TEXAS,TX,720,378.0,0.009722222222222222
2000,UTAH,UT,99,51.97,0.0707070707070707
2000,VERMONT,VT,14,7.35,0.5
2000,VIRGINIA,VA,326,171.13,0.02147239263803681
2000,WASHINGTON,WA,433,227.33,0.016166281755196306
2000,WEST VIRGINIA,WV,289,151.72,0.02422145328719723
2000,WISCONSIN,WI,521,273.52000000000004,0.013435700575815739
2000,WYOMING,WY,19,9.98,0.3684210526315789
2002,ALABAMA,AL,395,207.36999999999998,0.017721518987341773
2002,ALASKA,AK,13,6.82,0.5384615384615384
2002,ARIZONA,AZ,369,193.72,0.018970189701897018
2002,ARKANSAS,AR,72,37.79,0.09722222222222222
2002,CALIFORNIA,CA,1157,607.46,0.006050129645635264
2002,COLORADO,CO,7161,3759.52,0.0009775171065493646
2002,CONNECTICUT,CT,217,113.91,0.03225806451612903
2002,DELAWARE,DE,16,8.4,0.4375
2002,FLORIDA,FL,833,437.31,0.008403361344537815
2002,GEORGIA,GA,1107,581.16,0.006323396567299007
2002,HAWAII,HI,59,30.98,0.11864406779661017
2002,IDAHO,ID,54,28.349999999999998,0.12962962962962962
2002,ILLINOIS,IL,388,203.70999999999998,0.01804123711340206
2002,INDIANA,IN,602,316.03999999999996,0.011627906976744186
2002,IOWA,IA,330,173.24,0.021212121212121213
2002,KANSAS,KS,283,148.56,0.024734982332155476
2002,KENTUCKY,KY,487,255.68,0.014373716632443531
2002,LOUISIANA,LA,1240,650.9899999999999,0.00564516129032258
2002,MAINE,ME,201,105.52000000000001,0.03482587064676617
2002,MARYLAND,MD,355,186.39,0.01971830985915493
2002,MASSACHUSETTS,MA,86,45.16,0.08139534883720931
2002,MICHIGAN,MI,313,164.32,0.022364217252396165
2002,MINNESOTA,MN,224,117.61,0.03125
2002,MISSISSIPPI,MS,110,57.74,0.06363636363636363
2002,MISSOURI,MO,186,97.64999999999999,0.03763440860215054
2002,MONTANA,MT,22,11.55,0.3181818181818182
2002,NEBRASKA,NE,43,22.57,0.16279069767441862
2002,NEVADA,NV,115,60.370000000000005,0.06086956521739131
2002,NEW HAMPSHIRE,NH,80,42.0,0.0875
2002,NEW JERSEY,NJ,273,143.32,0.02564102564102564
2002,NEW MEXICO,NM,122,64.05,0.05737704918032787
2002,NEW YORK,NY,888,466.18,0.007882882882882882
2002,NORTH CAROLINA,NC,389,204.2,0.017994858611825194
2002,NORTH DAKOTA,ND,146,76.65,0.04794520547945205
2002,OHIO,OH,374,196.35,0.01871657754010695
2002,OKLAHOMA,OK,198,103.94999999999999,0.03535353535353535
2002,OREGON,OR,156,81.89,0.04487179487179487
2002,PENNSYLVANIA,PA,1014,532.3199999999999,0.006903353057199211
2002,RHODE ISLAND,RI,45,23.62,0.15555555555555556
2002,SOUTH CAROLINA,SC,87,45.66,0.08045977011494253
2002,SOUTH DAKOTA,SD,90,47.25,0.07777777777777778
2002,TENNESSEE,TN,249,130.73,0.028112449799196786
2002,TEXAS,TX,1066,559.61,0.006566604127579738
2002,UTAH,UT,995,522.38,0.007035175879396985
2002,VERMONT,VT,22,11.55,0.3181818181818182
2002,VIRGINIA,VA,138,72.46,0.050724637681159424
2002,WASHINGTON,WA,390,204.73999999999998,0.017948717948717947
2002,WEST VIRGINIA,WV,53,27.83,0.1320754716981132
2002,WISCONSIN,WI,126,66.15,0.05555555555555555
2002,WYOMING,WY,29,15.22,0.2413793103448276
2004,ALABAMA,AL,94,49.35,0.07446808510638298
2004,ALASKA,AK,15,7.88,0.4666666666666667
2004,ARIZONA,AZ,193,101.31,0.03626943005181347
2004,ARKANSAS,AR,99,51.980000000000004,0.0707070707070707
2004,CALIFORNIA,CA,1129,592.72,0.006200177147918512
2004,COLORADO,CO,439,230.48,0.015945330296127564
2004,CONNECTICUT,CT,294,154.35,0.023809523809523808
2004,DELAWARE,DE,18,9.45,0.3888888888888889
2004,FLORIDA,FL,394,206.85,0.017766497461928935
2004,GEORGIA,GA,347,182.18,0.020172910662824207
2004,HAWAII,HI,53,27.82,0.1320754716981132
2004,IDAHO,ID,35,18.369999999999997,0.2
2004,ILLINOIS,IL,599,314.48,0.011686143572621035
2004,INDIANA,IN,2061,1082.01,0.003396409509946628
2004,IOWA,IA,223,117.08,0.03139013452914798
2004,KANSAS,KS,137,71.91,0.051094890510948905
2004,KENTUCKY,KY,178,93.44,0.03932584269662921
2004,LOUISIANA,LA,1529,802.71,0.004578155657292348
2004,MAINE,ME,75,39.370000000000005,0.09333333333333334
2004,MARYLAND,MD,138,72.46,0.050724637681159424
2004,MASSACHUSETTS,MA,139,72.97,0.050359712230215826
2004,MICHIGAN,MI,342,179.54,0.02046783625730994
2004,MINNESOTA,MN,274,143.85,0.025547445255474453
2004,MISSISSIPPI,MS,88,46.2,0.07954545454545454
2004,MISSOURI,MO,282,148.04,0.024822695035460994
2004,MONTANA,MT,23,12.08,0.30434782608695654
2004,NEBRASKA,NE,101,53.019999999999996,0.06930693069306931
2004,NEVADA,NV,90,47.25,0.07777777777777778
2004,NEW HAMPSHIRE,NH,62,32.56,0.11290322580645161
2004,NEW JERSEY,NJ,307,161.17,0.02280130293159609
2004,NEW MEXICO,NM,134,70.36,0.05223880597014925
2004,NEW YORK,NY,1104,579.55,0.006340579710144928
2004,NORTH CAROLINA,NC,408,214.17,0.01715686274509804
2004,NORTH DAKOTA,ND,37,19.42,0.1891891891891892
2004,OHIO,OH,406,213.13,0.017241379310344827
2004,OKLAHOMA,OK,100,52.5,0.07
2004,OREGON,OR,180,94.50999999999999,0.03888888888888889
2004,PENNSYLVANIA,PA,754,395.85,0.009283819628647215
2004,RHODE ISLAND,RI,39,20.47,0.1794871794871795
2004,SOUTH CAROLINA,SC,98,51.46,0.07142857142857142
2004,SOUTH DAKOTA,SD,94,49.35,0.07446808510638298
2004,TENNESSEE,TN,179,94.0,0.03910614525139665
2004,TEXAS,TX,910,477.74,0.007692307692307693
2004,UTAH,UT,103,54.080000000000005,0.06796116504854369
2004,VERMONT,VT,17,8.92,0.4117647058823529
2004,VIRGINIA,VA,288,151.2,0.024305555555555556
2004,WASHINGTON,WA,348,182.7,0.020114942528735632
2004,WEST VIRGINIA,WV,88,46.2,0.07954545454545454
2004,WISCONSIN,WI,189,99.23,0.037037037037037035
2004,WYOMING,WY,53,27.82,0.1320754716981132
2006,ALABAMA,AL,94,49.35,0.07446808510638298
2006,ALASKA,AK,43,22.58,0.16279069767441862
2006,ARIZONA,AZ,446,234.16,0.01569506726457399
2006,ARKANSAS,AR,97,50.93,0.07216494845360824
2006,CALIFORNIA,CA,1281,672.53,0.00546448087431694
2006,COLORADO,CO,468,245.7,0.014957264957264958
2006,CONNECTICUT,CT,17797,9343.42,0.000393324717649042
2006,DELAWARE,DE,39,20.47,0.1794871794871795
2006,FLORIDA,FL,4655,2443.86,0.0015037593984962407
2006,GEORGIA,GA,2051,1076.77,0.0034129692832764505
2006,IDAHO,ID,164,86.10000000000001,0.042682926829268296
2006,ILLINOIS,IL,835,438.37,0.008383233532934131
2006,INDIANA,IN,554,290.83000000000004,0.01263537906137184
2006,IOWA,IA,527,276.67,0.013282732447817837
2006,KANSAS,KS,259,135.98,0.02702702702702703
2006,KENTUCKY,KY,503,264.06,0.013916500994035786
2006,LOUISIANA,LA,259,135.97,0.02702702702702703
2006,MAINE,ME,42,22.049999999999997,0.16666666666666666
2006,MARYLAND,MD,140,73.51,0.05
2006,MASSACHUSETTS,MA,75,39.36,0.09333333333333334
2006,MICHIGAN,MI,627,329.14,0.011164274322169059
2006,MINNESOTA,MN,362,190.04000000000002,0.019337016574585635
2006,MISSISSIPPI,MS,70,36.75,0.1
2006,MISSOURI,MO,198,103.95,0.03535353535353535
2006,MONTANA,MT,36,18.9,0.19444444444444445
2006,NEBRASKA,NE,187,98.18,0.0374331550802139
2006,NEVADA,NV,518,271.95,0.013513513513513514
2006,NEW HAMPSHIRE,NH,369,193.72,0.018970189701897018
2006,NEW JERSEY,NJ,751,394.29,0.009320905459387484
2006,NEW MEXICO,NM,1803,946.58,0.003882418191902385
2006,NEW YORK,NY,1687,885.65,0.004149377593360996
2006,NORTH CAROLINA,NC,3846,2019.1399999999999,0.0018200728029121164
2006,NORTH DAKOTA,ND,23,12.08,0.30434782608695654
2006,OHIO,OH,2658,1395.45,0.0026335590669676447
2006,OKLAHOMA,OK,113,59.32,0.061946902654867256
2006,OREGON,OR,151,79.25999999999999,0.046357615894039736
2006,PENNSYLVANIA,PA,2458,1290.4199999999998,0.0028478437754271765
2006,RHODE ISLAND,RI,32,16.8,0.21875
2006,SOUTH CAROLINA,SC,185,97.13,0.03783783783783784
2006,SOUTH DAKOTA,SD,18,9.45,0.3888888888888889
2006,TENNESSEE,TN,179,93.97,0.03910614525139665
2006,TEXAS,TX,849,445.73,0.008244994110718492
2006,UTAH,UT,84,44.099999999999994,0.08333333333333333
2006,VERMONT,VT,81,42.52,0.08641975308641975
2006,VIRGINIA,VA,513,269.33,0.01364522417153996
2006,WASHINGTON,WA,448,235.21,0.015625
2006,WEST VIRGINIA,WV,93,48.81999999999999,0.07526881720430108
2006,WISCONSIN,WI,469,246.23,0.014925373134328358
2006,WYOMING,WY,1400,735.0,0.005
2008,ALABAMA,AL,1479,776.4799999999999,0.004732927653820149
2008,ALASKA,AK,135,70.88,0.05185185185185185
2008,ARIZONA,AZ,328,172.21,0.021341463414634148
2008,ARKANSAS,AR,37,19.42,0.1891891891891892
2008,CALIFORNIA,CA,2808,1474.23,0.002492877492877493
2008,COLORADO,CO,218,114.42999999999999,0.03211009174311927
2008,CONNECTICUT,CT,276,144.9,0.025362318840579712
2008,DELAWARE,DE,31,16.27,0.22580645161290322
2008,FLORIDA,FL,989,519.19,0.007077856420626896
2008,GEORGIA,GA,286,150.16,0.024475524475524476
2008,HAWAII,HI,26,13.64,0.2692307692307692
2008,IDAHO,ID,601,315.52000000000004,0.011647254575707155
2008,ILLINOIS,IL,579,303.97,0.012089810017271158
2008,INDIANA,IN,249,130.73,0.028112449799196786
2008,IOWA,IA,178,93.44,0.03932584269662921
2008,KANSAS,KS,236,123.91,0.029661016949152543
2008,KENTUCKY,KY,247,129.69,0.02834008097165992
2008,LOUISIANA,LA,2149,1128.23,0.003257328990228013
2008,MAINE,ME,93,48.81999999999999,0.07526881720430108
2008,MARYLAND,MD,996,522.91,0.007028112449799197
2008,MASSACHUSETTS,MA,65,34.12,0.1076923076923077
2008,MICHIGAN,MI,766,402.15,0.009138381201044387
2008,MINNESOTA,MN,469,246.23,0.014925373134328358
2008,MISSISSIPPI,MS,129,67.73,0.05426356589147287
2008,MISSOURI,MO,451,236.78,0.015521064301552107
2008,MONTANA,MT,23,12.08,0.30434782608695654
2008,NEBRASKA,NE,217,113.92,0.03225806451612903
2008,NEVADA,NV,224,117.60000000000001,0.03125
2008,NEW HAMPSHIRE,NH,166,87.14,0.04216867469879518
2008,NEW JERSEY,NJ,513,269.32,0.01364522417153996
2008,NEW MEXICO,NM,148,77.71,0.0472972972972973
2008,NEW YORK,NY,1072,562.76,0.0065298507462686565
2008,NORTH CAROLINA,NC,376,197.41,0.018617021276595744
2008,NORTH DAKOTA,ND,30,15.75,0.23333333333333334
2008,OHIO,OH,1698,891.4399999999999,0.004122497055359246
2008,OKLAHOMA,OK,99,51.980000000000004,0.0707070707070707
2008,OREGON,OR,99,51.97,0.0707070707070707
2008,PENNSYLVANIA,PA,1190,624.72,0.0058823529411764705
2008,RHODE ISLAND,RI,34,17.85,0.20588235294117646
2008,SOUTH CAROLINA,SC,373,195.81,0.01876675603217158
2008,SOUTH DAKOTA,SD,20,10.5,0.35
2008,TENNESSEE,TN,143,75.07000000000001,0.04895104895104895
2008,TEXAS,TX,871,457.28,0.008036739380022962
2008,UTAH,UT,65,34.12,0.1076923076923077
2008,VERMONT,VT,9,4.72,0.7777777777777778
2008,VIRGINIA,VA,3915,2055.37,0.0017879948914431673
2008,WASHINGTON,WA,304,159.60000000000002,0.023026315789473683
2008,WEST VIRGINIA,WV,79,41.47,0.08860759493670886
2008,WISCONSIN,WI,236,123.9,0.029661016949152543
2008,WYOMING,WY,72,37.8,0.09722222222222222
2010,ALABAMA,AL,383,201.07,0.018276762402088774
2010,ALASKA,AK,19,9.98,0.3684210526315789
2010,ARIZONA,AZ,903,474.07000000000005,0.007751937984496124
2010,ARKANSAS,AR,178,93.44,0.03932584269662921
2010,CALIFORNIA,CA,2194,1151.8700000000001,0.0031905195989061076
2010,COLORADO,CO,384,201.58999999999997,0.018229166666666668
2010,CONNECTICUT,CT,286,150.15,0.024475524475524476
2010,DELAWARE,DE,45,23.62,0.15555555555555556
2010,FLORIDA,FL,754,395.82,0.009283819628647215
2010,GEORGIA,GA,560,294.0,0.0125
2010,HAWAII,HI,125,65.63,0.056
2010,IDAHO,ID,89,46.72,0.07865168539325842
2010,ILLINOIS,IL,4312,2263.79,0.0016233766233766235
2010,INDIANA,IN,757,397.41999999999996,0.009247027741083224
2010,IOWA,IA,697,365.92,0.010043041606886656
2010,KANSAS,KS,105,55.129999999999995,0.06666666666666667
2010,KENTUCKY,KY,2468,1295.6899999999998,0.0028363047001620746
2010,LOUISIANA,LA,121,63.53,0.05785123966942149
2010,MAINE,ME,121,63.519999999999996,0.05785123966942149
2010,MARYLAND,MD,198,103.96,0.03535353535353535
2010,MASSACHUSETTS,MA,486,255.14000000000001,0.01440329218106996
2010,MICHIGAN,MI,826,433.64,0.00847457627118644
2010,MINNESOTA,MN,774,406.35,0.00904392764857881
2010,MISSISSIPPI,MS,237,124.42,0.029535864978902954
2010,MISSOURI,MO,635,333.36999999999995,0.011023622047244094
2010,MONTANA,MT,27,14.18,0.25925925925925924
2010,NEBRASKA,NE,64,33.59,0.109375
2010,NEVADA,NV,1217,638.93,0.005751848808545604
2010,NEW HAMPSHIRE,NH,528,277.2,0.013257575757575758
2010,NEW JERSEY,NJ,648,340.18,0.010802469135802469
2010,NEW MEXICO,NM,311,163.28,0.022508038585209004
2010,NEW YORK,NY,5322,2794.02,0.0013152950018789928
2010,NORTH CAROLINA,NC,1392,730.81,0.005028735632183908
2010,OHIO,OH,851,446.76,0.008225616921269096
2010,OKLAHOMA,OK,106,55.64,0.0660377358490566
2010,OREGON,OR,284,149.1,0.02464788732394366
2010,PENNSYLVANIA,PA,1592,835.8,0.0043969849246231155
2010,RHODE ISLAND,RI,142,74.54,0.04929577464788732
2010,SOUTH CAROLINA,SC,237,124.41999999999999,0.029535864978902954
2010,SOUTH DAKOTA,SD,319,167.48,0.0219435736677116
2010,TENNESSEE,TN,219,115.0,0.0319634703196347
2010,TEXAS,TX,1661,872.01,0.004214328717639976
2010,UTAH,UT,191,100.28,0.03664921465968586
2010,VERMONT,VT,22,11.55,0.3181818181818182
2010,VIRGINIA,VA,2314,1214.82,0.003025064822817632
2010,WASHINGTON,WA,822,431.56,0.00851581508515815
2010,WEST VIRGINIA,WV,953,500.34,0.007345225603357817
2010,WISCONSIN,WI,450,236.24,0.015555555555555555
2010,WYOMING,WY,16,8.4,0.4375
2012,ALABAMA,AL,121,63.519999999999996,0.05785123966942149
2012,ALASKA,AK,20,10.5,0.35
2012,ARIZONA,AZ,1351,709.27,0.0051813471502590676
2012,ARKANSAS,AR,129,67.71000000000001,0.05426356589147287
2012,CALIFORNIA,CA,2860,1501.52,0.0024475524475524478
2012,COLORADO,CO,416,218.4,0.016826923076923076
2012,CONNECTICUT,CT,320,168.0,0.021875
2012,DELAWARE,DE,23,12.08,0.30434782608695654
2012,FLORIDA,FL,2808,1474.17,0.002492877492877493
2012,GEORGIA,GA,293,153.84,0.023890784982935155
2012,HAWAII,HI,89,46.72,0.07865168539325842
2012,IDAHO,ID,46,24.15,0.15217391304347827
2012,ILLINOIS,IL,3016,1583.44,0.0023209549071618036
2012,INDIANA,IN,784,411.59,0.008928571428571428
2012,IOWA,IA,265,139.12,0.026415094339622643
2012,KANSAS,KS,81,42.53,0.08641975308641975
2012,KENTUCKY,KY,283,148.57,0.024734982332155476
2012,LOUISIANA,LA,110,57.75,0.06363636363636363
2012,MAINE,ME,68,35.7,0.10294117647058823
2012,MARYLAND,MD,160,83.99000000000001,0.04375
2012,MASSACHUSETTS,MA,817,428.94,0.008567931456548347
2012,MICHIGAN,MI,1513,794.33,0.004626569729015202
2012,MINNESOTA,MN,904,474.61,0.007743362831858407
2012,MISSISSIPPI,MS,82,43.05,0.08536585365853659
2012,MISSOURI,MO,184,96.60000000000001,0.03804347826086957
2012,MONTANA,MT,68,35.7,0.10294117647058823
2012,NEBRASKA,NE,327,171.68,0.021406727828746176
2012,NEVADA,NV,237,124.42000000000002,0.029535864978902954
2012,NEW HAMPSHIRE,NH,328,172.2,0.021341463414634148
2012,NEW JERSEY,NJ,368,193.2,0.019021739130434784
2012,NEW MEXICO,NM,105,55.12,0.06666666666666667
2012,NEW YORK,NY,2118,1111.93,0.0033050047214353163
2012,NORTH CAROLINA,NC,4047,2124.68,0.001729676303434643
2012,NORTH DAKOTA,ND,54,28.35,0.12962962962962962
2012,OHIO,OH,646,339.14,0.010835913312693499
2012,OKLAHOMA,OK,124,65.09,0.056451612903225805
2012,OREGON,OR,157,82.42,0.044585987261146494
2012,PENNSYLVANIA,PA,787,413.16,0.008894536213468869
2012,RHODE ISLAND,RI,93,48.83,0.07526881720430108
2012,SOUTH CAROLINA,SC,213,111.82,0.03286384976525822
2012,SOUTH DAKOTA,SD,47,24.67,0.14893617021276595
2012,TENNESSEE,TN,197,103.42,0.03553299492385787
2012,TEXAS,TX,933,489.83000000000004,0.007502679528403001
2012,UTAH,UT,638,334.95000000000005,0.0109717868338558
2012,VERMONT,VT,15,7.88,0.4666666666666667
2012,VIRGINIA,VA,436,228.89,0.016055045871559634
2012,WASHINGTON,WA,362,190.03,0.019337016574585635
2012,WEST VIRGINIA,WV,136,71.4,0.051470588235294115
2012,WISCONSIN,WI,288,151.19,0.024305555555555556
2012,WYOMING,WY,16,8.4,0.4375
2014,ALABAMA,AL,88,46.2,0.07954545454545454
2014,ALASKA,AK,70,36.75,0.1
2014,ARIZONA,AZ,9088,4771.200000000001,0.0007702464788732394
2014,ARKANSAS,AR,183,96.07,0.03825136612021858
2014,CALIFORNIA,CA,3974,2086.37,0.0017614494212380473
2014,COLORADO,CO,309,162.20999999999998,0.022653721682847898
2014,CONNECTICUT,CT,264,138.61,0.026515151515151516
2014,DELAWARE,DE,32,16.8,0.21875
2014,FLORIDA,FL,1374,721.38,0.005094614264919942
2014,GEORGIA,GA,275,144.39000000000001,0.025454545454545455
2014,HAWAII,HI,197,103.42,0.03553299492385787
2014,IDAHO,ID,55,28.869999999999997,0.12727272727272726
2014,ILLINOIS,IL,814,427.33,0.0085995085995086
2014,INDIANA,IN,251,131.76,0.027888446215139442
2014,IOWA,IA,546,286.63,0.01282051282051282
2014,KANSAS,KS,115,60.37,0.06086956521739131
2014,KENTUCKY,KY,130,68.25,0.05384615384615385
2014,LOUISIANA,LA,104,54.61,0.0673076923076923
2014,MAINE,ME,157,82.41999999999999,0.044585987261146494
2014,MARYLAND,MD,675,354.35,0.01037037037037037
2014,MASSACHUSETTS,MA,148,77.71000000000001,0.0472972972972973
2014,MICHIGAN,MI,524,275.08,0.013358778625954198
2014,MINNESOTA,MN,814,427.34,0.0085995085995086
2014,MISSISSIPPI,MS,69,36.22,0.10144927536231885
2014,MISSOURI,MO,236,123.89999999999999,0.029661016949152543
2014,MONTANA,MT,47,24.67,0.14893617021276595
2014,NEBRASKA,NE,246,129.15,0.028455284552845527
2014,NEVADA,NV,346,181.65,0.02023121387283237
2014,NEW HAMPSHIRE,NH,265,139.13,0.026415094339622643
2014,NEW JERSEY,NJ,386,202.65,0.018134715025906734
2014,NEW MEXICO,NM,97,50.91,0.07216494845360824
2014,NEW YORK,NY,2476,1299.87,0.002827140549273021
2014,NORTH CAROLINA,NC,349,183.23,0.02005730659025788
2014,NORTH DAKOTA,ND,42,22.05,0.16666666666666666
2014,OHIO,OH,336,176.41,0.020833333333333332
2014,OKLAHOMA,OK,75,39.370000000000005,0.09333333333333334
2014,OREGON,OR,144,75.59,0.04861111111111111
2014,PENNSYLVANIA,PA,457,239.95000000000002,0.015317286652078774
2014,RHODE ISLAND,RI,66,34.64,0.10606060606060606
2014,SOUTH CAROLINA,SC,121,63.53,0.05785123966942149
2014,SOUTH DAKOTA,SD,22,11.55,0.3181818181818182
2014,TENNESSEE,TN,171,89.78,0.04093567251461988
2014,TEXAS,TX,974,511.33,0.007186858316221766
2014,UTAH,UT,199,104.48,0.035175879396984924
2014,VERMONT,VT,21,11.02,0.3333333333333333
2014,VIRGINIA,VA,300,157.5,0.023333333333333334
2014,WASHINGTON,WA,715,375.37,0.009790209790209791
2014,WEST VIRGINIA,WV,311,163.27,0.022508038585209004
2014,WISCONSIN,WI,240,126.0,0.029166666666666667
2014,WYOMING,WY,16,8.4,0.4375
2016,ALABAMA,AL,158,82.94,0.04430379746835443
2016,ALASKA,AK,49,25.72,0.14285714285714285
2016,ARIZONA,AZ,292,153.29,0.023972602739726026
2016,ARKANSAS,AR,75,39.370000000000005,0.09333333333333334
2016,CALIFORNIA,CA,3233,1697.27,0.0021651716671821837
2016,COLORADO,CO,280,147.0,0.025
2016,CONNECTICUT,CT,147,77.18,0.047619047619047616
2016,DELAWARE,DE,49,25.72,0.14285714285714285
2016,FLORIDA,FL,1235,648.36,0.005668016194331984
2016,GEORGIA,GA,251,131.78,0.027888446215139442
2016,HAWAII,HI,27,14.18,0.25925925925925924
2016,IDAHO,ID,41,21.52,0.17073170731707318
2016,ILLINOIS,IL,531,278.8,0.013182674199623353
2016,INDIANA,IN,226,118.64,0.030973451327433628
2016,IOWA,IA,271,142.27,0.025830258302583026
2016,KANSAS,KS,132,69.3,0.05303030303030303
2016,KENTUCKY,KY,91,47.77,0.07692307692307693
2016,LOUISIANA,LA,136,71.41,0.051470588235294115
2016,MAINE,ME,117,61.42,0.05982905982905983
2016,MARYLAND,MD,187,98.17999999999999,0.0374331550802139
2016,MASSACHUSETTS,MA,130,68.25,0.05384615384615385
2016,MICHIGAN,MI,434,227.85999999999999,0.016129032258064516
2016,MINNESOTA,MN,2814,1477.35,0.0024875621890547263
2016,MISSISSIPPI,MS,76,39.91,0.09210526315789473
2016,MISSOURI,MO,167,87.67,0.041916167664670656
2016,MONTANA,MT,45,23.62,0.15555555555555556
2016,NEBRASKA,NE,609,319.73,0.011494252873563218
2016,NEVADA,NV,815,427.87,0.008588957055214725
2016,NEW HAMPSHIRE,NH,695,364.87,0.010071942446043165
2016,NEW JERSEY,NJ,470,246.74,0.014893617021276596
2016,NEW MEXICO,NM,81,42.519999999999996,0.08641975308641975
2016,NEW YORK,NY,869,456.18,0.00805523590333717
2016,NORTH CAROLINA,NC,440,230.98,0.015909090909090907
2016,NORTH DAKOTA,ND,16,8.4,0.4375
2016,OHIO,OH,338,177.45,0.020710059171597635
2016,OKLAHOMA,OK,87,45.68,0.08045977011494253
2016,OREGON,OR,174,91.33,0.040229885057471264
2016,PENNSYLVANIA,PA,558,292.96,0.012544802867383513
2016,RHODE ISLAND,RI,50,26.25,0.14
2016,SOUTH CAROLINA,SC,182,95.53999999999999,0.038461538461538464
2016,SOUTH DAKOTA,SD,25,13.12,0.28
2016,TENNESSEE,TN,156,81.91,0.04487179487179487
2016,TEXAS,TX,1325,695.62,0.005283018867924529
2016,UTAH,UT,115,60.379999999999995,0.06086956521739131
2016,VERMONT,VT,10,5.25,0.7
2016,VIRGINIA,VA,403,211.54999999999998,0.017369727047146403
2016,WASHINGTON,WA,386,202.63,0.018134715025906734
2016,WEST VIRGINIA,WV,78,40.96,0.08974358974358974
2016,WISCONSIN,WI,172,90.31,0.040697674418604654
2016,WYOMING,WY,23,12.08,0.30434782608695654
2018,ALABAMA,AL,127,66.68,0.05511811023622047
2018,ALASKA,AK,107,56.18,0.06542056074766354
2018,ARIZONA,AZ,425,223.13,0.01647058823529412
2018,ARKANSAS,AR,172,90.3,0.040697674418604654
2018,CALIFORNIA,CA,3107,1631.18,0.002252977148374638
2018,COLORADO,CO,295,154.87,0.023728813559322035
2018,CONNECTICUT,CT,168,88.2,0.041666666666666664
2018,DELAWARE,DE,25,13.12,0.28
2018,FLORIDA,FL,1393,731.29,0.005025125628140704
2018,GEORGIA,GA,5969,3133.7200000000003,0.0011727257497068187
2018,HAWAII,HI,27,14.17,0.25925925925925924
2018,IDAHO,ID,55,28.87,0.12727272727272726
2018,ILLINOIS,IL,1493,783.82,0.004688546550569324
2018,INDIANA,IN,324,170.09,0.021604938271604937
2018,IOWA,IA,736,386.4,0.009510869565217392
2018,KANSAS,KS,1007,528.67,0.006951340615690168
2018,KENTUCKY,KY,325,170.63,0.021538461538461538
2018,LOUISIANA,LA,100,52.51,0.07
2018,MAINE,ME,611,320.78000000000003,0.011456628477905073
2018,MARYLAND,MD,166,87.14,0.04216867469879518
2018,MASSACHUSETTS,MA,119,62.459999999999994,0.058823529411764705
2018,MICHIGAN,MI,874,458.83,0.008009153318077803
2018,MINNESOTA,MN,2297,1205.92,0.0030474531998258597
2018,MISSISSIPPI,MS,82,43.05,0.08536585365853659
2018,MISSOURI,MO,314,164.85,0.022292993630573247
2018,MONTANA,MT,149,78.22,0.04697986577181208
2018,NEBRASKA,NE,398,208.95,0.017587939698492462
2018,NEVADA,NV,226,118.65,0.030973451327433628
2018,NEW HAMPSHIRE,NH,135,70.87,0.05185185185185185
2018,NEW JERSEY,NJ,1035,543.37,0.00676328502415459
2018,NEW MEXICO,NM,442,232.04000000000002,0.01583710407239819
2018,NEW YORK,NY,3826,2008.6399999999999,0.0018295870360690017
2018,NORTH CAROLINA,NC,2345,1231.13,0.0029850746268656717
2018,NORTH DAKOTA,ND,29,15.22,0.2413793103448276
2018,OHIO,OH,790,414.77,0.008860759493670886
2018,OKLAHOMA,OK,598,313.95,0.011705685618729096
2018,OREGON,OR,180,94.5,0.03888888888888889
2018,PENNSYLVANIA,PA,1206,633.12,0.005804311774461028
2018,RHODE ISLAND,RI,47,24.67,0.14893617021276595
2018,SOUTH CAROLINA,SC,701,368.01,0.009985734664764621
2018,SOUTH DAKOTA,SD,29,15.22,0.2413793103448276
2018,TENNESSEE,TN,172,90.29,0.040697674418604654
2018,TEXAS,TX,3514,1844.83,0.00199203187250996
2018,UTAH,UT,3579,1878.97,0.0019558535903883767
2018,VIRGINIA,VA,1026,538.66,0.00682261208576998
2018,WASHINGTON,WA,520,272.99,0.013461538461538462
2018,WEST VIRGINIA,WV,143,75.08,0.04895104895104895
2018,WISCONSIN,WI,268,140.68,0.026119402985074626
2018,WYOMING,WY,21,11.02,0.3333333333333333
2020,ALABAMA,AL,78,40.96,0.08974358974358974
2020,ALASKA,AK,77,40.42,0.09090909090909091
2020,ARIZONA,AZ,612,321.29,0.011437908496732025
2020,ARKANSAS,AR,111,58.269999999999996,0.06306306306306306
2020,CALIFORNIA,CA,6865,3604.09,0.0010196649672250546
2020,COLORADO,CO,293,153.82,0.023890784982935155
2020,CONNECTICUT,CT,186,97.64,0.03763440860215054
2020,DELAWARE,DE,41,21.52,0.17073170731707318
2020,FLORIDA,FL,1385,727.11,0.005054151624548736
2020,GEORGIA,GA,626,328.63,0.011182108626198083
2020,HAWAII,HI,38,19.950000000000003,0.18421052631578946
2020,IDAHO,ID,40,21.0,0.175
2020,ILLINOIS,IL,1146,601.67,0.006108202443280977
2020,INDIANA,IN,385,202.12,0.01818181818181818
2020,IOWA,IA,350848,184195.19,1.995165997811018e-05
2020,KANSAS,KS,161,84.52,0.043478260869565216
2020,KENTUCKY,KY,133,69.83,0.05263157894736842
2020,LOUISIANA,LA,112,58.81,0.0625
2020,MAINE,ME,146,76.64,0.04794520547945205
2020,MARYLAND,MD,168,88.2,0.041666666666666664
2020,MASSACHUSETTS,MA,159,83.49000000000001,0.0440251572327044
2020,MICHIGAN,MI,934,490.33000000000004,0.007494646680942184
2020,MINNESOTA,MN,745,391.12,0.009395973154362415
2020,MISSISSIPPI,MS,72,37.81,0.09722222222222222
2020,MISSOURI,MO,244,128.1,0.028688524590163935
2020,MONTANA,MT,55,28.88,0.12727272727272726
2020,NEBRASKA,NE,198,103.93999999999998,0.03535353535353535
2020,NEVADA,NV,447,234.66,0.015659955257270694
2020,NEW HAMPSHIRE,NH,207,108.67,0.033816425120772944
2020,NEW JERSEY,NJ,1160,609.0,0.00603448275862069
2020,NEW MEXICO,NM,179,93.98,0.03910614525139665
2020,NEW YORK,NY,18441,9681.539999999999,0.00037958895938398137
2020,NORTH CAROLINA,NC,514,269.85,0.013618677042801557
2020,NORTH DAKOTA,ND,17,8.92,0.4117647058823529
2020,OHIO,OH,556,291.92,0.012589928057553957
2020,OKLAHOMA,OK,235,123.38000000000001,0.029787234042553193
2020,OREGON,OR,306,160.64999999999998,0.02287581699346405
2020,PENNSYLVANIA,PA,1181,620.04,0.0059271803556308214
2020,RHODE ISLAND,RI,55,28.87,0.12727272727272726
2020,SOUTH CAROLINA,SC,723,379.57000000000005,0.009681881051175657
2020,SOUTH DAKOTA,SD,12,6.3,0.5833333333333334
2020,TENNESSEE,TN,145,76.12,0.04827586206896552
2020,TEXAS,TX,2416,1268.39,0.0028973509933774835
2020,UTAH,UT,768,403.19,0.009114583333333334
2020,VERMONT,VT,18,9.45,0.3888888888888889
2020,VIRGINIA,VA,857,449.92,0.008168028004667444
2020,WASHINGTON,WA,491,257.78,0.014256619144602852
2020,WEST VIRGINIA,WV,63,33.08,0.1111111111111111
2020,WISCONSIN,WI,461,242.02,0.015184381778741865
2020,WYOMING,WY,16,8.4,0.4375
2022,ALABAMA,AL,110,57.760000000000005,0.06363636363636363
2022,ALASKA,AK,31,16.27,0.22580645161290322
2022,ARIZONA,AZ,1612,846.3,0.004342431761786601
2022,ARKANSAS,AR,83,43.58,0.08433734939759036
2022,CALIFORNIA,CA,4511,2368.24,0.0015517623586787852
2022,COLORADO,CO,4681,2457.5,0.0014954069643238624
2022,CONNECTICUT,CT,1026,538.65,0.00682261208576998
2022,DELAWARE,DE,56,29.4,0.125
2022,FLORIDA,FL,1086,570.14,0.006445672191528545
2022,GEORGIA,GA,373,195.82,0.01876675603217158
2022,HAWAII,HI,42,22.06,0.16666666666666666
2022,IDAHO,ID,42,22.05,0.16666666666666666
2022,ILLINOIS,IL,699,366.97,0.010014306151645207
2022,INDIANA,IN,304,159.59,0.023026315789473683
2022,IOWA,IA,1208,634.21,0.005794701986754967
2022,KANSAS,KS,152,79.8,0.046052631578947366
2022,KENTUCKY,KY,117,61.43,0.05982905982905983
2022,LOUISIANA,LA,74,38.86,0.0945945945945946
2022,MAINE,ME,326,171.14000000000001,0.02147239263803681
2022,MARYLAND,MD,263,138.08,0.026615969581749048
2022,MASSACHUSETTS,MA,195,102.38,0.035897435897435895
2022,MICHIGAN,MI,1901,998.04,0.003682272488164124
2022,MINNESOTA,MN,361,189.5,0.019390581717451522
2022,MISSISSIPPI,MS,83,43.58,0.08433734939759036
2022,MISSOURI,MO,190,99.74,0.03684210526315789
2022,MONTANA,MT,247,129.67000000000002,0.02834008097165992
2022,NEBRASKA,NE,290,152.25,0.02413793103448276
2022,NEVADA,NV,479,251.47000000000003,0.014613778705636743
2022,NEW HAMPSHIRE,NH,147,77.18,0.047619047619047616
2022,NEW JERSEY,NJ,658,345.46000000000004,0.010638297872340425
2022,NEW MEXICO,NM,1271,667.27,0.0055074744295830055
2022,NEW YORK,NY,3652,1917.28,0.0019167579408543264
2022,NORTH CAROLINA,NC,821,431.02,0.008526187576126675
2022,NORTH DAKOTA,ND,29,15.22,0.2413793103448276
2022,OHIO,OH,635,333.38,0.011023622047244094
2022,OKLAHOMA,OK,111,58.28,0.06306306306306306
2022,OREGON,OR,765,401.62,0.009150326797385621
2022,PENNSYLVANIA,PA,1207,633.6800000000001,0.00579950289975145
2022,RHODE ISLAND,RI,215,112.87,0.03255813953488372
2022,SOUTH CAROLINA,SC,177,92.94,0.03954802259887006
2022,SOUTH DAKOTA,SD,13,6.82,0.5384615384615384
2022,TENNESSEE,TN,204,107.11000000000001,0.03431372549019608
2022,TEXAS,TX,914,479.86,0.007658643326039387
2022,UTAH,UT,95,49.86,0.07368421052631578
2022,VERMONT,VT,21,11.02,0.3333333333333333
2022,VIRGINIA,VA,688,361.19,0.010174418604651164
2022,WASHINGTON,WA,1207,633.68,0.00579950289975145
2022,WEST VIRGINIA,WV,42,22.060000000000002,0.16666666666666666
2022,WISCONSIN,WI,370,194.23000000000002,0.01891891891891892
2022,WYOMING,WY,16,8.4,0.4375
2024,ALABAMA,AL,142,74.56,0.04929577464788732
2024,ALASKA,AK,351,184.27,0.019943019943019943
2024,ARIZONA,AZ,795,417.38,0.00880503144654088
2024,ARKANSAS,AR,93,48.83,0.07526881720430108
2024,CALIFORNIA,CA,356108,186956.7,1.965695800150516e-05
2024,COLORADO,CO,1244,653.1,0.005627009646302251
2024,CONNECTICUT,CT,251,131.76999999999998,0.027888446215139442
2024,DELAWARE,DE,45,23.62,0.15555555555555556
2024,FLORIDA,FL,1110,582.72,0.006306306306306306
2024,GEORGIA,GA,333,174.82999999999998,0.021021021021021023
2024,HAWAII,HI,37,19.42,0.1891891891891892
2024,IDAHO,ID,40,21.0,0.175
2024,ILLINOIS,IL,618,324.46999999999997,0.011326860841423949
2024,INDIANA,IN,270,141.75,0.025925925925925925
2024,IOWA,IA,3752,1969.79,0.0018656716417910447
2024,KANSAS,KS,146,76.64999999999999,0.04794520547945205
2024,KENTUCKY,KY,102,53.57,0.06862745098039216
2024,LOUISIANA,LA,129,67.73,0.05426356589147287
2024,MAINE,ME,1433,752.3199999999999,0.004884856943475227
2024,MARYLAND,MD,268,140.69,0.026119402985074626
2024,MASSACHUSETTS,MA,159,83.48,0.0440251572327044
2024,MICHIGAN,MI,735,385.89,0.009523809523809525
2024,MINNESOTA,MN,260,136.49,0.026923076923076925
2024,MISSISSIPPI,MS,70,36.76,0.1
2024,MISSOURI,MO,190,99.75,0.03684210526315789
2024,MONTANA,MT,116,60.9,0.0603448275862069
2024,NEBRASKA,NE,436,228.9,0.016055045871559634
2024,NEVADA,NV,445,233.63,0.015730337078651686
2024,NEW HAMPSHIRE,NH,206,108.15,0.03398058252427184
2024,NEW JERSEY,NJ,683,358.55,0.010248901903367497
2024,NEW MEXICO,NM,278,145.96,0.025179856115107913
2024,NEW YORK,NY,1651,866.8,0.004239854633555421
2024,NORTH CAROLINA,NC,823,432.05,0.00850546780072904
2024,NORTH DAKOTA,ND,18,9.45,0.3888888888888889
2024,OHIO,OH,1714,899.85,0.004084014002333722
2024,OKLAHOMA,OK,101,53.03,0.06930693069306931
2024,OREGON,OR,521,273.53,0.013435700575815739
2024,PENNSYLVANIA,PA,2191,1150.28,0.003194888178913738
2024,RHODE ISLAND,RI,65,34.13,0.1076923076923077
2024,SOUTH CAROLINA,SC,208,109.19,0.03365384615384615
2024,SOUTH DAKOTA,SD,16,8.4,0.4375
2024,TEXAS,TX,1174,616.38,0.00596252129471891
2024,UTAH,UT,97,50.93,0.07216494845360824
2024,VERMONT,VT,22,11.55,0.3181818181818182
2024,VIRGINIA,VA,825,433.11,0.008484848484848486
2024,WASHINGTON,WA,588,308.68,0.011904761904761904
2024,WEST VIRGINIA,WV,35,18.369999999999997,0.2
2024,WISCONSIN,WI,481,252.51000000000002,0.014553014553014554
2024,WYOMING,WY,15,7.88,0.4666666666666667
